Country,Geographic_Coordinates,Area_Total,Land_Area,Water_Area,Land_Boundaries,Coastline,Highest_Elevation,Lowest_Elevation,Forest_Land,Other_Land,Agricultural_Land,Arable_Land (%% of Total Agricultural Land),Permanent_Crops (%% of Total Agricultural Land),Permanent_Pasture (%% of Total Agricultural Land),Irrigated_Land
AFGHANISTAN,"33 00 N, 65 00 E","652,230 sq km","652,230 sq km",0 sq km,"5,987 km",0 km,"7,492 m",258 m,1.8%,40.1%,58.1%,11.8%,0.3%,46%,"24,930 sq km"
AKROTIRI,"34 37 N, 32 58 E",123 sq km,,,48 km,56.3 km,,,,,,,,,
ALBANIA,"41 00 N, 20 00 E","28,748 sq km","27,398 sq km","1,350 sq km",691 km,362 km,"2,764 m",0 m,28.8%,28.2%,42.8%,22.3%,3%,17.4%,"1,820 sq km"
ALGERIA,"28 00 N, 3 00 E","2,381,740 sq km","2,381,740 sq km",0 sq km,"6,734 km",998 km,"2,908 m",-40 m,0.8%,81.8%,17.4%,3.2%,0.4%,13.8%,"12,605 sq km"
AMERICAN SAMOA,"14 20 S, 170 00 W",224 sq km,224 sq km,0 sq km,0 km,116 km,964 m,0 m,75.5%,0%,24.5%,15%,9.5%,0%,0 sq km
ANDORRA,"42 30 N, 1 30 E",468 sq km,468 sq km,0 sq km,118 km,0 km,"2,946 m",840 m,34%,26%,40%,1.7%,0%,38.3%,0 sq km
ANGOLA,"12 30 S, 18 30 E","1,246,700 sq km","1,246,700 sq km",0 sq km,"5,369 km","1,600 km","2,620 m",0 m,54.3%,,45.7%,3.9%,0.3%,41.5%,860 sq km
ANGUILLA,"18 15 N, 63 10 W",91 sq km,91 sq km,0 sq km,0 km,61 km,73 m,0 m,61.1%,38.9%,0%,0%,0%,0%,0 sq km
ANTARCTICA,"90 00 S, 0 00 E",14.2 million sq km,"285,000 sq km",,,"17,968 km","4,892 m","-3,500 m",,,0%,,,,
ANTIGUA AND BARBUDA,"17 03 N, 61 48 W",443 sq km,443 sq km,0 sq km,0 km,153 km,402 m,0 m,18.8%,60.8%,20.5%,9%,2.3%,9%,1.3 sq km
ARCTIC OCEAN,"90 00 N, 0 00 E",15.558 million sq km,,,,"45,389 km",,"-5,577 m",,,,,,,
ARGENTINA,"34 00 S, 64 00 W","2,780,400 sq km","2,736,690 sq km","43,710 sq km","11,968 km","4,989 km",,-105 m,10.7%,35.4%,53.9%,13.9%,0.4%,39.6%,"23,600 sq km"
ARMENIA,"40 00 N, 45 00 E","29,743 sq km","28,203 sq km","1,540 sq km","1,570 km",0 km,"4,090 m",400 m,9.1%,31.2%,59.7%,15.8%,1.9%,42%,"1,554 sq km"
ARUBA,"12 30 N, 69 58 W",180 sq km,180 sq km,0 sq km,0 km,68.5 km,188 m,0 m,2.3%,86.6%,11.1%,11.1%,0%,0%,NA
ASHMORE AND CARTIER ISLANDS,"12 25 S, 123 20 E",5 sq km,5 sq km,0 sq km,0 km,74.1 km,5 m,0 m,,,0%,,,,
ATLANTIC OCEAN,"0 00 N, 25 00 W",85.133 million sq km,,,,"111,866 km",,"-8,605 m",,,,,,,
AUSTRALIA,"27 00 S, 133 00 E","7,741,220 sq km","7,682,300 sq km","58,920 sq km",0 km,"25,760 km","2,228 m",-15 m,17.42%,33.42%,46.65%,4.03%,0.04%,42.58%,"15,210 sq km"
AUSTRIA,"47 20 N, 13 20 E","83,871 sq km","82,445 sq km","1,426 sq km","2,524 km",0 km,"3,798 m",115 m,47.2%,14.4%,38.4%,16.5%,0.8%,21.1%,382 sq km
AZERBAIJAN,"40 30 N, 47 30 E","86,600 sq km","82,629 sq km","3,971 sq km","2,468 km",0 km,"4,466 m",-28 m,11.3%,31.1%,57.6%,22.8%,2.7%,32.1%,"14,649 sq km"
"BAHAMAS, THE","24 15 N, 76 00 W","13,880 sq km","10,010 sq km","3,870 sq km",0 km,"3,542 km",64 m,0 m,51.4%,47.2%,1.4%,0.8%,0.4%,0.2%,10 sq km
BAHRAIN,"26 00 N, 50 33 E",760 sq km,760 sq km,0 sq km,0 km,161 km,135 m,0 m,0.7%,88%,11.3%,2.1%,3.9%,5.3%,40 sq km
BANGLADESH,"24 00 N, 90 00 E","148,460 sq km","130,170 sq km","18,290 sq km","4,413 km",580 km,"1,060 m",0 m,11.1%,18.8%,70.1%,59%,6.5%,4.6%,"81,270 sq km"
BARBADOS,"13 10 N, 59 32 W",430 sq km,430 sq km,0 sq km,0 km,97 km,336 m,0 m,19.4%,48%,32.6%,25.6%,2.3%,4.7%,50 sq km
BELARUS,"53 00 N, 28 00 E","207,600 sq km","202,900 sq km","4,700 sq km","3,599 km",0 km,346 m,90 m,42.7%,13.6%,43.7%,27.2%,0.6%,15.9%,303 sq km
BELGIUM,"50 50 N, 4 00 E","30,528 sq km","30,278 sq km",250 sq km,"1,297 km",66.5 km,694 m,0 m,22.4%,33.5%,44.1%,27.2%,0.8%,16.1%,57 sq km
BELIZE,"17 15 N, 88 45 W","22,966 sq km","22,806 sq km",160 sq km,542 km,386 km,"1,124 m",0 m,60.6%,32.5%,6.9%,3.3%,1.4%,2.2%,35 sq km
BENIN,"9 30 N, 2 15 E","112,622 sq km","110,622 sq km","2,000 sq km","2,123 km",,,0 m,40%,28.7%,31.3%,22.9%,3.5%,4.9%,172 sq km
BERMUDA,"32 20 N, 64 45 W",54 sq km,54 sq km,0 sq km,0 km,103 km,79 m,0 m,20%,65.2%,14.8%,14.8%,0%,0%,NA
BHUTAN,"27 30 N, 90 30 E","38,394 sq km","38,394 sq km",0 sq km,"1,136 km",0 km,"7,570 m",97 m,85.5%,0.9%,13.6%,2.6%,0.3%,10.7%,320 sq km
BOLIVIA,"17 00 S, 65 00 W","1,098,581 sq km","1,083,301 sq km","15,280 sq km","7,252 km",0 km,"6,542 m",90 m,52.5%,13.2%,34.3%,3.6%,0.2%,30.5%,"2,972 sq km"
BOSNIA AND HERZEGOVINA,"44 00 N, 18 00 E","51,197 sq km","51,187 sq km",10 sq km,"1,543 km",20 km,"2,386 m",0 m,42.8%,15%,42.2%,19.7%,2%,20.5%,30 sq km
BOTSWANA,"22 00 S, 24 00 E","581,730 sq km","566,730 sq km","15,000 sq km","4,347.15 km",0 km,"1,495 m",513 m,19.8%,34.4%,45.8%,0.6%,0%,45.2%,25 sq km
BOUVET ISLAND,"54 26 S, 3 24 E",49 sq km,49 sq km,0 sq km,0 km,29.6 km,780 m,0 m,0%,100%,0%,0%,0%,0%,
BRAZIL,"10 00 S, 55 00 W","8,515,770 sq km","8,358,140 sq km","157,630 sq km","16,145 km","7,491 km","2,994 m",0 m,61.9%,5.2%,32.9%,8.6%,0.8%,23.5%,"69,029 sq km"
BRITISH INDIAN OCEAN TERRITORY,"6 00 S, 71 30 E;",60 sq km,60 sq km,"54,340 sq km",0 km,698 km,9 m,0 m,0%,100%,0%,,,,
BRITISH VIRGIN ISLANDS,"18 30 N, 64 30 W",151 sq km,151 sq km,0 sq km,0 km,80 km,521 m,0 m,24.3%,29%,46.7%,6.7%,6.7%,33.3%,NA
BRUNEI,"4 30 N, 114 40 E","5,765 sq km","5,265 sq km",500 sq km,266 km,161 km,"1,850 m",0 m,71.8%,25.7%,2.5%,0.8%,1.1%,0.6%,10 sq km
BULGARIA,"43 00 N, 25 00 E","110,879 sq km","108,489 sq km","2,390 sq km","1,806 km",354 km,"2,925 m",0 m,36.7%,16.4%,46.9%,29.9%,1.5%,15.5%,987 sq km
BURKINA FASO,"13 00 N, 2 00 W","274,200 sq km","273,800 sq km",400 sq km,"3,611 km",0 km,749 m,200 m,19.3%,36.5%,44.2%,22%,37%,21.93%,550 sq km
BURMA,"22 00 N, 98 00 E","676,578 sq km","653,508 sq km","23,070 sq km","6,522 km","1,930 km","5,870 m",0 m,48.2%,32.6%,19.2%,16.5%,2.2%,0.5%,"17,140 sq km"
BURUNDI,"3 30 S, 30 00 E","27,830 sq km","25,680 sq km","2,150 sq km","1,140 km",0 km,"2,685 m",772 m,6.6%,20.1%,73.3%,38.9%,15.6%,18.8%,230 sq km
CABO VERDE,"16 00 N, 24 00 W","4,033 sq km","4,033 sq km",0 sq km,0 km,965 km,"2,829 m",0 m,21%,60.4%,18.6%,11.7%,0.7%,6.2%,35 sq km
CAMBODIA,"13 00 N, 105 00 E","181,035 sq km","176,515 sq km","4,520 sq km","2,530 km",443 km,"1,810 m",0 m,56.5%,11.4%,32.1%,22.7%,0.9%,8.5%,"3,540 sq km"
CAMEROON,"6 00 N, 12 00 E","475,440 sq km","472,710 sq km","2,730 sq km","5,018 km",402 km,"4,045 m",0 m,41.7%,37.7%,20.6%,13.1%,3.3%,4.2%,290 sq km
CANADA,"60 00 N, 95 00 W","9,984,670 sq km","9,093,507 sq km","891,163 sq km","8,892 km","202,080 km","5,959 m",0 m,34.1%,59.1%,6.8%,4.7%,0.5%,1.6%,"9,045 sq km"
CAYMAN ISLANDS,"19 30 N, 80 30 W",264 sq km,264 sq km,0 sq km,0 km,160 km,50 m,0 m,52.9%,35.9%,11.2%,0.8%,2.1%,8.3%,
CENTRAL AFRICAN REPUBLIC,"7 00 N, 21 00 E","622,984 sq km","622,984 sq km",0 sq km,"5,920 km",0 km,"1,410 m",335 m,36.2%,55.7%,8.1%,2.9%,0.1%,5.1%,10 sq km
CHAD,"15 00 N, 19 00 E",1.284 million sq km,"1,259,200 sq km","24,800 sq km","6,406 km",0 km,"3,445 m",160 m,9.1%,51.3%,39.6%,3.9%,0%,35.7%,300 sq km
CHILE,"30 00 S, 71 00 W","756,102 sq km","743,812 sq km","12,290 sq km","7,801 km","6,435 km","6,893 m",0 m,21.9%,57%,21.1%,1.7%,0.6%,18.8%,"11,100 sq km"
CHINA,"35 00 N, 105 00 E","9,596,960 sq km","9,326,410 sq km","270,550 sq km","22,457 km","14,500 km","8,849 m",-154 m,22.3%,23%,54.7%,11.3%,1.6%,41.8%,"690,070 sq km"
CHRISTMAS ISLAND,"10 30 S, 105 40 E",135 sq km,135 sq km,0 sq km,0 km,138.9 km,361 m,0 m,,100%,0%,,,,
CLIPPERTON ISLAND,"10 17 N, 109 13 W",6 sq km,6 sq km,0 sq km,0 km,11.1 km,29 m,0 m,0%,100%,0%,,,,
COCOS (KEELING) ISLANDS,"12 30 S, 96 50 E",14 sq km,14 sq km,0 sq km,0 km,26 km,9 m,0 m,0%,100%,0%,,,,NA
COLOMBIA,"4 00 N, 72 00 W","1,138,910 sq km","1,038,700 sq km","100,210 sq km","6,672 km","3,208 km","5,730 m",0 m,54.4%,8.1%,37.5%,1.4%,1.6%,34.5%,"10,900 sq km"
COMOROS,"12 10 S, 44 15 E","2,235 sq km","2,235 sq km",0 sq km,0 km,340 km,"2,360 m",0 m,1.4%,14.2%,84.4%,46.7%,29.6%,8.1%,1.3 sq km
"CONGO, DEMOCRATIC REPUBLIC OF THE","0 00 N, 25 00 E","2,344,858 sq km","2,267,048 sq km","77,810 sq km","11,027 km",37 km,"5,110 m",0 m,,,,,,,110 sq km
"CONGO, REPUBLIC OF THE","1 00 S, 15 00 E","342,000 sq km","341,500 sq km",500 sq km,"5,554 km",169 km,"1,020 m",0 m,65.6%,3.3%,31.1%,1.6%,0.2%,29.3%,20 sq km
COOK ISLANDS,"21 14 S, 159 46 W",236 sq km,236 sq km,0 sq km,0 km,120 km,652 m,0 m,64.6%,27%,8.4%,4.2%,4.2%,0%,
CORAL SEA ISLANDS,"18 00 S, 152 00 E",3 sq km,3 sq km,0 sq km,0 km,"3,095 km",9 m,0 m,,100%,0%,,,,
COSTA RICA,"8 00 N, 5 00 W","322,463 sq km","318,003 sq km","4,460 sq km","3,458 km",515 km,"1,752 m",0 m,32.7%,2.5%,64.8%,9.1%,14.2%,41.5%,730 sq km
CROATIA,"45 10 N, 15 30 E","56,594 sq km","55,974 sq km",620 sq km,"2,237 km","5,835 km","1,831 m",0 m,34.4%,41.9%,23.7%,16%,1.5%,6.2%,171 sq km
CUBA,"21 30 N, 80 00 W","110,860 sq km","109,820 sq km","1,040 sq km",28.5 km,"3,735 km","1,974 m",0 m,27.3%,12.4%,60.3%,33.8%,3.6%,22.9%,"8,700 sq km"
CURACAO,"12 10 N, 69 00 W",444 sq km,444 sq km,0 sq km,,364 km,372 m,0 m,,90%,10%,10%,,,
CYPRUS,"35 00 N, 33 00 E","9,251 sq km","9,241 sq km",10 sq km,156 km,648 km,"1,951 m",0 m,18.8%,67.8%,13.4%,9.8%,3.2%,0.4%,268 sq km
CZECHIA,"49 45 N, 15 30 E","78,867 sq km","77,247 sq km","1,620 sq km","2,046 km",0 km,"1,602 m",115 m,34.4%,10.8%,54.8%,41%,1%,12.8%,220 sq km
DENMARK,"56 00 N, 10 00 E","43,094 sq km","42,434 sq km",660 sq km,141 km,"7,314 km",171 m,-7 m,12.9%,23.7%,63.4%,58.9%,0.1%,4.4%,"2,360 sq km"
DHEKELIA,"34 59 N, 33 45 E",131 sq km,,,108 km,27.5 km,,,,,,,,,
DJIBOUTI,"11 30 N, 43 00 E","23,200 sq km","23,180 sq km",20 sq km,528 km,314 km,"2,021 m",-155 m,0.2%,26.4%,73.4%,0.1%,0%,73.3%,10 sq km
DOMINICA,"15 25 N, 61 20 W",751 sq km,751 sq km,NEGL,0 km,148 km,"1,447 m",0 m,59.2%,6.1%,34.7%,8%,24%,2.7%,
DOMINICAN REPUBLIC,"19 00 N, 70 40 W","48,670 sq km","48,320 sq km",350 sq km,376 km,"1,288 km","3,098 m",-46 m,40.8%,7.7%,51.5%,16.6%,10.1%,24.8%,"2,980 sq km"
ECUADOR,"2 00 S, 77 30 W","283,561 sq km","276,841 sq km","6,720 sq km","2,237 km","2,237 km",,0 m,38.9%,31.4%,29.7%,4.7%,5.6%,19.4%,"10,000 sq km"
EGYPT,"27 00 N, 30 00 E","1,001,450 sq km","995,450 sq km","6,000 sq km","2,612 km","2,450 km","2,629 m",-133 m,0.1%,96.3%,3.6%,2.8%,0.8%,0%,"36,500 sq km"
EL SALVADOR,"13 50 N, 88 55 W","21,041 sq km","20,721 sq km",320 sq km,590 km,307 km,"2,730 m",0 m,13.6%,11.7%,74.7%,33.1%,10.9%,30.7%,274 sq km
EQUATORIAL GUINEA,"2 00 N, 10 00 E","28,051 sq km","28,051 sq km",0 sq km,528 km,296 km,"3,008 m",0 m,57.5%,32.4%,10.1%,4.3%,2.1%,3.7%,
ERITREA,"15 00 N, 39 00 E","117,600 sq km","101,000 sq km","16,600 sq km","1,840 km","2,234 km","3,018 m",-75 m,15.1%,9.8%,75.1%,6.8%,0%,68.3%,210 sq km
ESTONIA,"59 00 N, 26 00 E","45,228 sq km","42,388 sq km","2,840 sq km",657 km,"3,794 km",318 m,0 m,52.1%,25.7%,22.2%,14.9%,0.1%,7.2%,20 sq km
ESWATINI,"26 30 S, 31 30 E","17,364 sq km","17,204 sq km",160 sq km,546 km,0 km,"1,862 m",21 m,31.7%,0%,68.3%,9.8%,0.8%,57.7%,500 sq km
ETHIOPIA,"8 00 N, 38 00 E","1,104,300 sq km","1,096,570 sq km","7,730 sq km","5,925 km",0 km,"4,550 m",-125 m,12.2%,51.5%,36.3%,15.2%,1.1%,20%,"1,813 sq km"
EUROPEAN UNION,,"4,236,351 sq km",,,"13,770 km","53,563.9 km","4,810 m",-7 m,,,,,,,"154,539.82 sq km"
FALKLAND ISLANDS (ISLAS MALVINAS),"51 45 S, 59 00 W","12,173 sq km","12,173 sq km",0 sq km,0 km,"1,288 km",705 m,0 m,,7.6%,92.4%,,,92.4%,NA
FAROE ISLANDS,"62 00 N, 7 00 W","1,393 sq km","1,393 sq km",0 sq km,0 km,"1,117 km",882 m,0 m,0.1%,97.8%,2.1%,2.1%,0%,0%,
FIJI,"18 00 S, 175 00 E","18,274 sq km","18,274 sq km",0 sq km,0 km,"1,129 km","1,324 m",0 m,55.7%,21%,23.3%,9%,4.7%,9.6%,40 sq km
FINLAND,"64 00 N, 26 00 E","338,145 sq km","303,815 sq km","34,330 sq km","2,563 km","1,250 km","1,328 m",0 m,72.9%,19.6%,7.5%,7.4%,0%,0.1%,80 sq km
FRANCE,"metropolitan France: 46 00 N, 2 00 E;","643,801 sq km","640,427 sq km","3,374 sq km","3,956 km","4,853 km",,-2 m,29.2%,18.1%,52.7%,33.4%,1.8%,17.5%,"14,236 sq km"
FRENCH POLYNESIA,"15 00 S, 140 00 W","4,167 sq km","3,827 sq km",340 sq km,0 km,"2,525 km","2,241 m",0 m,43.7%,43.8%,12.5%,0.7%,6.3%,5.5%,10 sq km
FRENCH SOUTHERN AND ANTARCTIC LANDS,Ile Amsterdam,,,,0 km,Ile Amsterdam,867 m,0 m,,,,,,,
GABON,"1 00 S, 11 45 E","267,667 sq km","257,667 sq km","10,000 sq km","3,261 km",885 km,"1,050 m",0 m,81%,0%,19%,1.2%,0.6%,17.2%,40 sq km
"GAMBIA, THE","13 28 N, 16 34 W","11,300 sq km","10,120 sq km","1,180 sq km",749 km,80 km,,0 m,43.9%,0%,56.1%,41%,0.5%,14.6%,50 sq km
GAZA STRIP,"31 25 N, 34 20 E",360 sq km,360 sq km,0 sq km,72 km,40 km,105 m,0 m,,,,,,,
GEORGIA,"42 00 N, 43 30 E","69,700 sq km","69,700 sq km",0 sq km,"1,814 km",310 km,"5,193 m",0 m,39.4%,25.1%,35.5%,5.8%,1.8%,27.9%,"4,330 sq km"
GERMANY,"51 00 N, 9 00 E","357,022 sq km","348,672 sq km","8,350 sq km","3,694 km","2,389 km","2,963 m",-3.5 m,31.8%,20.2%,48%,34.1%,0.6%,13.3%,"5,056 sq km"
GHANA,"8 00 N, 2 00 W","238,533 sq km","227,533 sq km","11,000 sq km","2,420 km",539 km,885 m,0 m,21.2%,9.7%,69.1%,20.7%,11.9%,36.5%,360 sq km
GIBRALTAR,"36 08 N, 5 21 W",7 sq km,6.5 sq km,0 sq km,1.2 km,12 km,426 m,0 m,,100%,0%,,,,
GREECE,"39 00 N, 22 00 E","131,957 sq km","130,647 sq km","1,310 sq km","1,110 km","13,676 km",,0 m,30.5%,6.1%,63.4%,19.7%,8.9%,34.8%,"11,853 sq km"
GREENLAND,"72 00 N, 40 00 W","2,166,086 sq km","2,166,086 sq km",,0 km,"44,087 km","3,694 m",0 m,0%,99.4%,0.6%,0%,0%,0.6%,
GRENADA,"12 07 N, 61 40 W",344 sq km,344 sq km,0 sq km,0 km,121 km,840 m,0 m,50%,17.7%,32.3%,8.8%,20.6%,2.9%,20 sq km
GUAM,"13 28 N, 144 47 E",544 sq km,544 sq km,0 sq km,0 km,125.5 km,406 m,0 m,47.9%,18.7%,33.4%,1.9%,16.7%,14.8%,2 sq km
GUATEMALA,"15 30 N, 90 15 W","108,889 sq km","107,159 sq km","1,730 sq km","1,667 km",400 km,"4,220 m",0 m,33.6%,25.2%,41.2%,14.2%,8.8%,18.2%,"3,375 sq km"
GUERNSEY,"49 28 N, 2 35 W",78 sq km,78 sq km,0 sq km,0 km,50 km,114 m,0 m,,,,,,,
GUINEA,"11 00 N, 10 00 W","245,857 sq km","245,717 sq km",140 sq km,"4,046 km",320 km,"1,752 m",0 m,26.5%,15.4%,58.1%,11.8%,2.8%,43.5%,950 sq km
GUINEA-BISSAU,"12 00 N, 15 00 W","36,125 sq km","28,120 sq km","8,005 sq km",762 km,350 km,277 m,0 m,55.2%,0%,44.8%,8.2%,6.9%,29.7%,250 sq km
GUYANA,"5 00 N, 59 00 W","214,969 sq km","196,849 sq km","18,120 sq km","2,933 km",459 km,"2,775 m",0 m,77.4%,14.2%,8.4%,2.1%,0.1%,6.2%,"1,430 sq km"
HAITI,"19 00 N, 72 25 W","27,750 sq km","27,560 sq km",190 sq km,376 km,"1,771 km","2,680 m",0 m,3.6%,64.1%,66.4%,38.5%,10.2%,17.7%,970 sq km
HEARD ISLAND AND MCDONALD ISLANDS,"53 06 S, 72 31 E",412 sq km,412 sq km,0 sq km,0 km,101.9 km,"2,745 m",0 m,,100%,0%,,,,
HOLY SEE (VATICAN CITY),"41 54 N, 12 27 E",0 sq km,0.44 sq km,0 sq km,3.4 km,0 km,78 m,19 m,,100%,0%,,,,
HONDURAS,"15 00 N, 86 30 W","112,090 sq km","111,890 sq km",200 sq km,"1,575 km",823 km,"2,870 m",0 m,45.3%,25.9%,28.8%,9.1%,4%,15.7%,900 sq km
HONG KONG,"22 15 N, 114 10 E","1,108 sq km","1,073 sq km",35 sq km,33 km,733 km,958 m,0 m,0%,95%,5%,3.2%,0.9%,0.9%,10 sq km
HUNGARY,"47 00 N, 20 00 E","93,028 sq km","89,608 sq km","3,420 sq km","2,106 km",0 km,"1,014 m",78 m,22.5%,18.6%,58.9%,48.5%,2%,8.4%,"1,010 sq km"
ICELAND,"65 00 N, 18 00 W","103,000 sq km","100,250 sq km","2,750 sq km",0 km,"4,970 km","2,110 m",0 m,0.3%,81%,18.7%,1.2%,0%,17.5%,0.5 sq km
INDIA,"20 00 N, 77 00 E","3,287,263 sq km","2,973,193 sq km","314,070 sq km","13,888 km","7,000 km","8,586 m",0 m,23.1%,16.4%,60.5%,52.8%,4.2%,3.5%,"715,539 sq km"
INDIAN OCEAN,"20 00 S, 80 00 E",70.56 million sq km,,,,"66,526 km",,"-7,192 m",,,,,,,
INDONESIA,"5 00 S, 120 00 E","1,904,569 sq km","1,811,569 sq km","93,000 sq km","2,958 km","54,716 km","4,884 m",0 m,51.7%,17.1%,31.2%,13%,12.1%,6.1%,"67,220 sq km"
IRAN,"32 00 N, 53 00 E","1,648,195 sq km","1,531,595 sq km","116,600 sq km","5,894 km","2,440 km","5,625 m",-28 m,6.8%,63.1%,30.1%,10.8%,1.2%,18.1%,"79,721 sq km"
IRAQ,"33 00 N, 44 00 E","438,317 sq km","437,367 sq km",950 sq km,"3,809 km",58 km,"3,611 m",0 m,1.9%,80%,18.1%,8.4%,0.5%,9.2%,"35,250 sq km"
IRELAND,"53 00 N, 8 00 W","70,273 sq km","68,883 sq km","1,390 sq km",490 km,"1,448 km","1,041 m",0 m,10.9%,23%,66.1%,15.4%,0%,50.7%,0 sq km
ISLE OF MAN,"54 15 N, 4 30 W",572 sq km,572 sq km,0 sq km,0 km,160 km,621 m,0 m,6.1%,19.2%,74.7%,43.8%,0%,30.9%,
ISRAEL,"31 30 N, 34 45 E","21,937 sq km","21,497 sq km",440 sq km,"1,068 km",273 km,,-431 m,7.1%,69.1%,23.8%,13.7%,3.8%,6.3%,"2,159 sq km"
ITALY,"42 50 N, 12 50 E","301,340 sq km","294,140 sq km","7,200 sq km","1,836.4 km","7,600 km","4,748 m",0 m,31.4%,21.5%,47.1%,22.8%,8.6%,15.7%,"26,010 sq km"
JAMAICA,"18 15 N, 77 30 W","10,991 sq km","10,831 sq km",160 sq km,0 km,"1,022 km","2,256 m",0 m,31.1%,27.5%,41.4%,11.1%,9.2%,21.1%,250 sq km
JAN MAYEN,"71 00 N, 8 00 W",377 sq km,377 sq km,0 sq km,0 km,124.1 km,,0 m,,100%,0%,,,,0 sq km
JAPAN,"36 00 N, 138 00 E","377,915 sq km","364,485 sq km","13,430 sq km",0 km,"29,751 km","3,776 m",-4 m,68.5%,19%,12.5%,11.7%,0.8%,0%,"15,730 sq km"
JERSEY,"49 15 N, 2 10 W",116 sq km,116 sq km,0 sq km,0 km,70 km,136 m,0 m,,34%,66%,66%,,,NA
JORDAN,"31 00 N, 36 00 E","89,342 sq km","88,802 sq km",540 sq km,"1,744 km",26 km,"1,854 m",-431 m,1.1%,87.5%,11.4%,2%,1%,8.4%,833 sq km
KAZAKHSTAN,"48 00 N, 68 00 E","2,724,900 sq km","2,699,700 sq km","25,200 sq km","13,364 km",0 km,"7,010 m",-132 m,1.2%,21.4%,77.4%,8.9%,0%,68.5%,"18,099 sq km"
KENYA,"1 00 N, 38 00 E","580,367 sq km","569,140 sq km","11,227 sq km","3,457 km",536 km,"5,199 m",0 m,6.1%,45.8%,48.1%,9.8%,0.9%,37.4%,"1,030 sq km"
KIRIBATI,"1 25 N, 173 00 E",811 sq km,811 sq km,0 sq km,0 km,"1,143 km",81 m,0 m,15%,43%,42%,2.5%,39.5%,0%,0 sq km
"KOREA, NORTH","40 00 N, 127 00 E","120,538 sq km","120,408 sq km",130 sq km,"1,607 km","2,495 km","2,744 m",0 m,46%,32.2%,21.8%,19.5%,1.9%,0.4%,"14,600 sq km"
"KOREA, SOUTH","37 00 N, 127 30 E","99,720 sq km","96,920 sq km","2,800 sq km",237 km,"2,413 km","1,950 m",0 m,63.9%,18%,18.1%,15.3%,2.2%,0.6%,"7,780 sq km"
KOSOVO,"42 35 N, 21 00 E","10,887 sq km","10,887 sq km",0 sq km,714 km,0 km,"2,656 m",297 m,41.7%,5.5%,52.8%,27.4%,1.9%,23.5%,
KUWAIT,"29 30 N, 45 45 E","17,818 sq km","17,818 sq km",0 sq km,475 km,499 km,300 m,0 m,0.4%,91.1%,8.5%,0.6%,0.3%,7.6%,100 sq km
KYRGYZSTAN,"41 00 N, 75 00 E","199,951 sq km","191,801 sq km","8,150 sq km","4,573 km",0 km,"7,439 m",132 m,5.1%,39.5%,55.4%,6.7%,0.4%,48.3%,"10,043 sq km"
LAOS,"18 00 N, 105 00 E","236,800 sq km","230,800 sq km","6,000 sq km","5,274 km",0 km,"2,817 m",70 m,67.9%,21.5%,10.6%,6.2%,0.7%,3.7%,"4,409 sq km"
LATVIA,"57 00 N, 25 00 E","64,589 sq km","62,249 sq km","2,340 sq km","1,370 km",498 km,312 m,0 m,54.1%,16.7%,29.2%,18.6%,0.1%,10.5%,6 sq km
LEBANON,"33 50 N, 35 50 E","10,400 sq km","10,230 sq km",170 sq km,484 km,225 km,"3,088 m",0 m,13.4%,23.3%,63.3%,11.9%,12.3%,39.1%,"1,040 sq km"
LESOTHO,"29 30 S, 28 30 E","30,355 sq km","30,355 sq km",0 sq km,"1,106 km",0 km,"3,482 m","1,400 m",1.5%,22.4%,76.1%,10.1%,0.1%,65.9%,12 sq km
LIBERIA,"6 30 N, 9 30 W","111,369 sq km","96,320 sq km","15,049 sq km","1,667 km",579 km,"1,447 m",0 m,44.6%,27.3%,28.1%,5.2%,2.1%,20.8%,30 sq km
LIBYA,"25 00 N, 17 00 E","1,759,540 sq km","1,759,540 sq km",0 sq km,"4,339 km","1,770 km","2,267 m",-47 m,0.1%,91.1%,8.8%,1%,0.2%,7.6%,"4,700 sq km"
LIECHTENSTEIN,"47 16 N, 9 32 E",160 sq km,160 sq km,0 sq km,75 km,0 km,"2,599 m",430 m,43.1%,19.3%,37.6%,18.8%,0%,18.8%,0 sq km
LITHUANIA,"56 00 N, 24 00 E","65,300 sq km","62,680 sq km","2,620 sq km","1,545 km",90 km,294 m,0 m,34.6%,20.6%,44.8%,34.9%,0.5%,9.4%,16 sq km
LUXEMBOURG,"49 45 N, 6 10 E","2,586 sq km","2,586 sq km",0 sq km,327 km,0 km,559 m,133 m,33.5%,15.8%,50.7%,24%,0.6%,26.1%,0 sq km
MACAU,"22 10 N, 113 33 E",28 sq km,28.2 sq km,0 sq km,3 km,41 km,172 m,0 m,,100%,0%,,,,0 sq km
MADAGASCAR,"20 00 S, 47 00 E","587,041 sq km","581,540 sq km","5,501 sq km",0 km,"4,828 km","2,876 m",0 m,21.5%,7.4%,71.1%,6%,1%,64.1%,"10,860 sq km"
MALAWI,"13 30 S, 34 00 E","118,484 sq km","94,080 sq km","24,404 sq km","2,857 km",0 km,"3,002 m",37 m,34%,6.8%,59.2%,38.2%,1.4%,19.6%,740 sq km
MALAYSIA,"2 30 N, 112 30 E","329,847 sq km","328,657 sq km","1,190 sq km","2,742 km","4,675 km","4,095 m",0 m,62%,14.8%,23.2%,2.9%,19.4%,0.9%,"4,420 sq km"
MALDIVES,"3 15 N, 73 00 E",298 sq km,298 sq km,0 sq km,0 km,644 km,5 m,0 m,3%,73.7%,23.3%,10%,10%,3.3%,0 sq km
MALI,"17 00 N, 4 00 W","1,240,192 sq km","1,220,190 sq km","20,002 sq km","7,908 km",0 km,"1,155 m",23 m,10.2%,55.7%,34.1%,5.6%,0.1%,28.4%,"3,780 sq km"
MALTA,"35 50 N, 14 35 E",316 sq km,316 sq km,0 sq km,0 km,196.8 km,253 m,0 m,0.9%,66.8%,32.3%,28.4%,3.9%,0%,35 sq km
MARSHALL ISLANDS,"9 00 N, 168 00 E",181 sq km,181 sq km,0 sq km,0 km,370.4 km,14 m,0 m,49.3%,0%,50.7%,7.8%,31.2%,11.7%,0 sq km
MAURITANIA,"20 00 N, 12 00 W","1,030,700 sq km","1,030,700 sq km",0 sq km,"5,002 km",754 km,915 m,-5 m,0.2%,61.3%,38.5%,0.4%,0%,38.1%,450 sq km
MAURITIUS,"20 17 S, 57 33 E","2,040 sq km","2,030 sq km",10 sq km,0 km,177 km,828 m,0 m,17.3%,38.9%,43.8%,38.4%,2%,3.4%,158 sq km
MEXICO,"23 00 N, 102 00 W","1,964,375 sq km","1,943,945 sq km","20,430 sq km","4,389 km","9,330 km","5,636 m",-10 m,33.3%,11.8%,54.9%,11.8%,1.4%,41.7%,"60,620 sq km"
"MICRONESIA, FEDERATED STATES OF","6 55 N, 158 15 E",702 sq km,702 sq km,0 sq km,0 km,"6,112 km",782 m,0 m,74.5%,0%,25.5%,2.3%,19.7%,3.5%,0 sq km
MOLDOVA,"47 00 N, 29 00 E","33,851 sq km","32,891 sq km",960 sq km,"1,885 km",0 km,430 m,2 m,11.9%,13.2%,74.9%,55.1%,9.1%,10.7%,"2,155 sq km"
MONACO,"43 44 N, 7 24 E",2 sq km,2 sq km,0 sq km,6 km,4.1 km,162 m,0 m,0%,99%,1%,0%,1%,0%,0 sq km
MONGOLIA,"46 00 N, 105 00 E","1,564,116 sq km","1,553,556 sq km","10,560 sq km","8,082 km",0 km,"4,374 m",560 m,7%,20%,73%,0.4%,0%,72.6%,602 sq km
MONTENEGRO,"42 30 N, 19 18 E","13,812 sq km","13,452 sq km",360 sq km,680 km,293.5 km,"2,534 m",0 m,40.4%,21.4%,38.2%,12.9%,1.2%,24.1%,24 sq km
MONTSERRAT,"16 45 N, 62 12 W",102 sq km,102 sq km,0 sq km,0 km,40 km,,0 m,25%,45%,30%,20%,0%,10%,0 sq km
MOROCCO,"28 30 N, 10 00 W","716,550 sq km","716,300 sq km",250 sq km,"3,523.5 km","2,945 km","4,165 m",-59 m,11.5%,21%,67.5%,17.5%,2.9%,47.1%,"17,645 sq km"
MOZAMBIQUE,"18 15 S, 35 00 E","799,380 sq km","786,380 sq km","13,000 sq km","4,783 km","2,470 km","2,436 m",0 m,43.7%,0%,56.3%,6.4%,0.3%,49.6%,"1,180 sq km"
NAMIBIA,"22 00 S, 17 00 E","824,292 sq km","823,290 sq km","1,002 sq km","4,220 km","1,572 km","2,573 m",0 m,8.8%,44%,47.2%,1%,0%,46.2%,80 sq km
NAURU,"0 32 S, 166 55 E",21 sq km,21 sq km,0 sq km,0 km,30 km,70 m,0 m,0%,80%,20%,0%,20%,0%,0 sq km
NAVASSA ISLAND,"18 25 N, 75 02 W",5 sq km,5.4 sq km,0 sq km,0 km,8 km,200 m,0 m,,100%,,,,,
NEPAL,"28 00 N, 84 00 E","147,181 sq km","143,351 sq km","3,830 sq km","3,159 km",0 km,"8,849 m",70 m,25.4%,45.8%,28.8%,15.1%,1.2%,12.5%,"13,320 sq km"
NETHERLANDS,"52 31 N, 5 46 E","41,543 sq km","33,893 sq km","7,650 sq km","1,053 km",451 km,,-7 m,10.8%,34.1%,55.1%,29.8%,1.1%,24.2%,"2,969 sq km"
NEW CALEDONIA,"21 30 S, 165 30 E","18,575 sq km","18,275 sq km",300 sq km,0 km,"2,254 km","1,628 m",0 m,45.9%,43.7%,10.4%,0.4%,0.2%,9.8%,100 sq km
NEW ZEALAND,"41 00 S, 174 00 E","268,838 sq km","264,537 sq km","4,301 sq km",0 km,"15,134 km","3,764 m",0 m,31.4%,25.4%,43.2%,1.8%,0.3%,41.1%,"7,000 sq km"
NICARAGUA,"13 00 N, 85 00 W","130,370 sq km","119,990 sq km","10,380 sq km","1,253 km",910 km,"2,085 m",0 m,25.3%,32.5%,42.2%,12.5%,2.5%,27.2%,"1,990 sq km"
NIGER,"16 00 N, 8 00 E",1.267 million sq km,"1,266,700 sq km",300 sq km,"5,834 km",0 km,"2,022 m",200 m,1%,63.9%,35.1%,12.3%,0.1%,22.7%,"2,666 sq km"
NIGERIA,"10 00 N, 8 00 E","923,768 sq km","910,768 sq km","13,000 sq km","4,477 km",853 km,"2,419 m",0 m,9.5%,12.5%,78%,37.3%,7.4%,33.3%,"2,930 sq km"
NIUE,"19 02 S, 169 52 W",260 sq km,260 sq km,0 sq km,0 km,64 km,80 m,0 m,71.2%,9.7%,19.1%,3.8%,11.5%,3.8%,0 sq km
NORFOLK ISLAND,"29 02 S, 167 57 E",36 sq km,36 sq km,0 sq km,0 km,32 km,319 m,0 m,11.5%,63.5%,25%,0%,0%,25%,0 sq km
NORTH MACEDONIA,"41 50 N, 22 00 E","25,713 sq km","25,433 sq km",280 sq km,838 km,0 km,"2,764 m",50 m,39.8%,15.9%,44.3%,16.4%,1.4%,26.5%,844 sq km
NORTHERN MARIANA ISLANDS,"15 12 N, 145 45 E",464 sq km,464 sq km,0 sq km,0 km,"1,482 km",965 m,0 m,65.5%,27.9%,6.6%,2.2%,2.2%,2.2%,1 sq km
NORWAY,"62 00 N, 10 00 E","323,802 sq km","304,282 sq km","19,520 sq km","2,566 km","25,148 km","2,469 m",0 m,27.8%,69.5%,2.7%,2.2%,0%,0.5%,337 sq km
OMAN,"21 00 N, 57 00 E","309,500 sq km","309,500 sq km",0 sq km,"1,561 km","2,092 km","3,004 m",0 m,0%,95.3%,4.7%,0.1%,0.1%,4.5%,"1,079 sq km"
PACIFIC OCEAN,"0 00 N, 160 00 W",168.723 million sq km,,,,"135,663 km",,"-10,924 m",,,,,,,
PAKISTAN,"30 00 N, 70 00 E","796,095 sq km","770,875 sq km","25,220 sq km","7,257 km","1,046 km","8,611 m",0 m,2.1%,62.7%,35.2%,27.6%,1.1%,6.5%,"193,400 sq km"
PALAU,"7 30 N, 134 30 E",459 sq km,459 sq km,0 sq km,0 km,"1,519 km",242 m,0 m,87.6%,1.6%,10.8%,2.2%,4.3%,4.3%,0 sq km
PANAMA,"9 00 N, 80 00 W","75,420 sq km","74,340 sq km","1,080 sq km",687 km,"2,490 km","3,475 m",0 m,43.6%,25.9%,30.5%,7.3%,2.5%,20.7%,407 sq km
PAPUA NEW GUINEA,"6 00 S, 147 00 E","462,840 sq km","452,860 sq km","9,980 sq km",824 km,"5,152 km","4,509 m",0 m,63.1%,34.3%,2.6%,0.7%,1.5%,0.4%,0 sq km
PARACEL ISLANDS,"16 30 N, 112 00 E",8 sq km,7.75 sq km,0 sq km,0 km,518 km,14 m,0 m,,100%,,,,,0 sq km
PARAGUAY,"23 00 S, 58 00 W","406,752 sq km","397,302 sq km","9,450 sq km","4,655 km",0 km,842 m,46 m,43.8%,2.4%,53.8%,10.8%,0.2%,42.8%,"1,362 sq km"
PERU,"10 00 S, 76 00 W","1,285,216 sq km","1,279,996 sq km","5,220 sq km","7,062 km","2,414 km","6,746 m",0 m,53%,28.2%,18.8%,3.1%,1.1%,14.6%,"25,800 sq km"
PHILIPPINES,"13 00 N, 122 00 E","300,000 sq km","298,170 sq km","1,830 sq km",0 km,"36,289 km","2,954 m",0 m,25.9%,33.1%,41%,18.2%,17.8%,5%,"16,270 sq km"
PITCAIRN ISLANDS,"25 04 S, 130 06 W",47 sq km,47 sq km,0 sq km,0 km,51 km,347 m,0 m,74.5%,25.5%,0%,,,,0 sq km
POLAND,"52 00 N, 20 00 E","312,685 sq km","304,255 sq km","8,430 sq km","2,865 km",440 km,"2,499 m",-2 m,30.6%,21.2%,48.2%,36.2%,1.3%,10.7%,760 sq km
PORTUGAL,"39 30 N, 8 00 W","92,090 sq km","91,470 sq km",620 sq km,"1,224 km","1,793 km","2,351 m",0 m,37.8%,22.5%,39.7%,11.9%,7.8%,20%,"5,662 sq km"
PUERTO RICO,"18 15 N, 66 30 W","9,104 sq km","8,959 sq km",145 sq km,0 km,501 km,"1,338 m",0 m,63.2%,14.8%,22%,6.6%,5.6%,9.8%,220 sq km
QATAR,"25 30 N, 51 15 E","11,586 sq km","11,586 sq km",0 sq km,87 km,563 km,103 m,0 m,0%,94.4%,5.6%,1.1%,0.2%,4.3%,130 sq km
ROMANIA,"46 00 N, 25 00 E","238,391 sq km","229,891 sq km","8,500 sq km","2,844 km",225 km,"2,544 m",0 m,28.7%,10.6%,60.7%,39.1%,1.9%,19.7%,"4,730 sq km"
RUSSIA,"60 00 N, 100 00 E","17,098,242 sq km","16,377,742 sq km","720,500 sq km","22,407 km","37,653 km","5,642 m",-28 m,49.4%,37.5%,13.1%,7.3%,0.1%,5.7%,"43,000 sq km"
RWANDA,"2 00 S, 30 00 E","26,338 sq km","24,668 sq km","1,670 sq km",930 km,0 km,"4,519 m",950 m,18%,7.5%,74.5%,47%,10.1%,17.4%,96 sq km
SAINT BARTHELEMY,"17 90 N, 62 85 W",25 sq km,25 sq km,negligible,0 km,,286 m,0 m,,,,,,,
"SAINT HELENA, ASCENSION, AND TRISTAN DA CUNHA","Saint Helena: 15 57 S, 5 42 W;",394 sq km,122 sq km,0 sq km,0 km,60 km,,0 m,5.1%,64.1%,30.8%,10.3%,0%,20.5%,0 sq km
SAINT KITTS AND NEVIS,"17 20 N, 62 45 W",261 sq km,261 sq km,0 sq km,0 km,135 km,"1,156 m",0 m,42.3%,34.6%,23.1%,19.2%,0.4%,3.5%,8 sq km
SAINT LUCIA,"13 53 N, 60 58 W",616 sq km,606 sq km,10 sq km,0 km,158 km,948 m,0 m,77%,5.6%,17.4%,4.9%,11.5%,1%,30 sq km
SAINT MARTIN,"18 05 N, 63 57 W",50 sq km,50 sq km,negligible,16 km,58.9 km,424 m,0 m,,,,,,,
SAINT PIERRE AND MIQUELON,"46 50 N, 56 20 W",242 sq km,242 sq km,0 sq km,0 km,120 km,240 m,0 m,12.5%,78.8%,8.7%,8.7%,0%,0%,0 sq km
SAINT VINCENT AND THE GRENADINES,"13 15 N, 61 12 W",389 sq km,389 sq km,0 sq km,0 km,84 km,"1,234 m",0 m,68.7%,5.7%,25.6%,12.8%,7.7%,5.1%,10 sq km
SAMOA,"13 35 S, 172 20 W","2,831 sq km","2,821 sq km",10 sq km,0 km,403 km,"1,857 m",0 m,60.4%,27.2%,12.4%,2.8%,7.8%,1.8%,0 sq km
SAN MARINO,"43 46 N, 12 25 E",61 sq km,61 sq km,0 sq km,37 km,0 km,739 m,55 m,0%,83.3%,16.7%,16.7%,0%,0%,0 sq km
SAO TOME AND PRINCIPE,"1 00 N, 7 00 E",964 sq km,964 sq km,0 sq km,0 km,209 km,"2,024 m",0 m,28.1%,21.2%,50.7%,9.1%,40.6%,1%,100 sq km
SAUDI ARABIA,"25 00 N, 45 00 E","2,149,690 sq km","2,149,690 sq km",0 sq km,"4,272 km","2,640 km","3,000 m",0 m,0.5%,18.8%,80.7%,1.5%,0.1%,79.1%,"11,910 sq km"
SENEGAL,"14 00 N, 14 00 W","196,722 sq km","192,530 sq km","4,192 sq km","2,684 km",531 km,648 m,0 m,43.8%,9.4%,46.8%,17.4%,0.3%,29.1%,"1,200 sq km"
SERBIA,"44 00 N, 21 00 E","77,474 sq km","77,474 sq km",0 sq km,"2,322 km",0 km,"2,169 m",35 m,31.6%,10.5%,57.9%,37.7%,3.4%,16.8%,520 sq km
SEYCHELLES,"4 35 S, 55 40 E",455 sq km,455 sq km,0 sq km,0 km,491 km,905 m,0 m,88.5%,5%,6.5%,2.2%,4.3%,0%,3 sq km
SIERRA LEONE,"8 30 N, 11 30 W","71,740 sq km","71,620 sq km",120 sq km,"1,093 km",402 km,"1,948 m",0 m,37.5%,6.3%,56.2%,23.4%,2.3%,30.5%,300 sq km
SINGAPORE,"1 22 N, 103 48 E",719 sq km,709.2 sq km,10 sq km,0 km,193 km,166 m,0 m,3.3%,95.7%,1%,0.9%,0.1%,0%,0 sq km
SINT MAARTEN,"18 4 N, 63 4 W",34 sq km,34 sq km,0 sq km,16 km,58.9 km,383 m,0 m,,,,,,,
SLOVAKIA,"48 40 N, 19 30 E","49,035 sq km","48,105 sq km",930 sq km,"1,587 km",0 km,"2,655 m",94 m,40.2%,19.7%,40.1%,28.9%,0.4%,10.8%,211 sq km
SLOVENIA,"46 07 N, 14 49 E","20,273 sq km","20,151 sq km",122 sq km,"1,211 km",46.6 km,"2,864 m",0 m,62.3%,14.9%,22.8%,8.4%,1.3%,13.1%,39 sq km
SOLOMON ISLANDS,"8 00 S, 159 00 E","28,896 sq km","27,986 sq km",910 sq km,0 km,"5,313 km","2,335 m",0 m,78.9%,17.2%,3.9%,0.7%,2.9%,0.3%,0 sq km
SOMALIA,"10 00 N, 49 00 E","637,657 sq km","627,337 sq km","10,320 sq km","2,385 km","3,025 km","2,460 m",0 m,10.6%,19.1%,70.3%,1.8%,0%,68.5%,"2,000 sq km"
SOUTH AFRICA,"29 00 S, 24 00 E","1,219,090 sq km","1,214,470 sq km","4,620 sq km","5,244 km","2,798 km","3,450 m",0 m,7.6%,13%,79.4%,9.9%,0.3%,69.2%,"16,700 sq km"
SOUTH GEORGIA AND SOUTH SANDWICH ISLANDS,"54 30 S, 37 00 W","3,903 sq km","3,903 sq km",0 sq km,0 km,,"2,934 m",0 m,,100%,,,,,0 sq km
SOUTH SUDAN,"8 00 N, 30 00 E","644,329 sq km",,,"6,018 km",0 km,"3,187 m",381 m,11.3%,43.5%,45%,4.4%,,40.7%,"1,000 sq km"
SOUTHERN OCEAN,"60 00 S, 90 00 E",21.96 million sq km,,,,"17,968 km",,"-7,434 m",,,,,,,
SPAIN,"40 00 N, 4 00 W","505,370 sq km","498,980 sq km","6,390 sq km","1,952.7 km","4,964 km","3,718 m",0 m,36.8%,25.1%,54.1%,24.9%,9.1%,20.1%,"38,000 sq km"
SPRATLY ISLANDS,,,,,,,,,,,,,,,
SRI LANKA,"7 00 N, 81 00 E","65,610 sq km","64,630 sq km",980 sq km,0 km,"1,340 km","2,524 m",0 m,29.4%,27.1%,43.5%,20.7%,15.8%,7%,"5,700 sq km"
SUDAN,"15 00 N, 30 00 E","1,861,484 sq km","1,731,671 sq km","129,813 sq km","6,819 km",853 km,"3,042 m",0 m,0%,0%,100%,15.7%,0.2%,84.2%,"15,666 sq km"
SURINAME,"4 00 N, 56 00 W","163,820 sq km","156,000 sq km","7,820 sq km","1,907 km",386 km,"1,230 m",-2 m,94.6%,4.9%,0.5%,0.4%,0%,0.1%,600 sq km
SVALBARD,"78 00 N, 20 00 E","62,045 sq km","62,045 sq km",0 sq km,0 km,"3,587 km","1,717 m",0 m,,100%,0%,,,,
SWEDEN,"62 00 N, 15 00 E","450,295 sq km","410,335 sq km","39,960 sq km","2,211 km","3,218 km","2,100 m",-2.4 m,68.7%,23.8%,7.5%,6.4%,0%,1.1%,519 sq km
SWITZERLAND,"47 00 N, 8 00 E","41,277 sq km","39,997 sq km","1,280 sq km","1,770 km",0 km,"4,634 m",195 m,31.5%,29.8%,38.7%,10.2%,0.6%,27.9%,327 sq km
SYRIA,"35 00 N, 38 00 E","187,437 sq km","185,887 sq km","1,550 sq km","2,363 km",193 km,"2,814 m",-66 m,2.7%,21.5%,75.8%,25.4%,5.8%,44.6%,"13,100 sq km"
TAIWAN,"23 30 N, 121 00 E","35,980 sq km","32,260 sq km","3,720 sq km",0 km,"1,566.3 km","3,952 m",0 m,,77.3%,22.7%,16.9%,5.8%,,"3,820 sq km"
TAJIKISTAN,"39 00 N, 71 00 E","144,100 sq km","141,510 sq km","2,590 sq km","4,130 km",0 km,"7,495 m",300 m,2.9%,62.4%,34.7%,6.1%,0.9%,27.7%,"5,690 sq km"
TANZANIA,"6 00 S, 35 00 E","947,300 sq km","885,800 sq km","61,500 sq km","4,161 km","1,424 km","5,895 m",0 m,37.3%,19%,43.7%,14.3%,2.3%,27.1%,"1,840 sq km"
THAILAND,"15 00 N, 100 00 E","513,120 sq km","510,890 sq km","2,230 sq km","5,673 km","3,219 km","2,565 m",0 m,37.2%,21.6%,41.2%,30.8%,8.8%,1.6%,"64,150 sq km"
TIMOR-LESTE,"8 50 S, 125 55 E","14,874 sq km","14,874 sq km",0 sq km,253 km,706 km,"2,963 m",0 m,49.1%,25.8%,25.1%,10.1%,4.9%,10.1%,350 sq km
TOGO,"8 00 N, 1 10 E","56,785 sq km","54,385 sq km","2,400 sq km","1,880 km",56 km,986 m,0 m,4.9%,27.7%,67.4%,45.2%,3.8%,18.4%,70 sq km
TOKELAU,"9 00 S, 172 00 W",12 sq km,12 sq km,0 sq km,0 km,101 km,5 m,0 m,0%,40%,60%,0%,60%,0%,0 sq km
TONGA,"20 00 S, 175 00 W",747 sq km,717 sq km,30 sq km,0 km,419 km,"1,046 m",0 m,12.5%,44.4%,43.1%,22.2%,15.3%,5.6%,0 sq km
TRINIDAD AND TOBAGO,"11 00 N, 61 00 W","5,128 sq km","5,128 sq km",0 sq km,0 km,362 km,940 m,0 m,44%,45.4%,10.6%,4.9%,4.3%,1.4%,70 sq km
TUNISIA,"34 00 N, 9 00 E","163,610 sq km","155,360 sq km","8,250 sq km","1,495 km","1,148 km","1,544 m",-17 m,6.6%,28.6%,64.8%,18.3%,15.4%,31.1%,"3,920 sq km"
TURKEY (TURKIYE),"39 00 N, 35 00 E","783,562 sq km","769,632 sq km","13,930 sq km","2,816 km","7,200 km","5,137 m",0 m,14.9%,35.4%,49.7%,26.7%,4%,19%,"52,150 sq km"
TURKMENISTAN,"40 00 N, 60 00 E","488,100 sq km","469,930 sq km","18,170 sq km","4,158 km",0 km,"3,139 m",,8.8%,19.2%,72%,4.1%,0.1%,67.8%,"19,950 sq km"
TURKS AND CAICOS ISLANDS,"21 45 N, 71 35 W",948 sq km,948 sq km,0 sq km,0 km,389 km,48 m,0 m,36.2%,62.7%,1.1%,1.1%,0%,0%,0 sq km
TUVALU,"8 00 S, 178 00 E",26 sq km,26 sq km,0 sq km,0 km,24 km,5 m,0 m,33.3%,6.7%,60%,0%,60%,0%,0 sq km
UGANDA,"1 00 N, 32 00 E","241,038 sq km","197,100 sq km","43,938 sq km","2,729 km",0 km,"5,110 m",614 m,14.5%,14.3%,71.2%,34.3%,11.3%,25.6%,105 sq km
UKRAINE,"49 00 N, 32 00 E","603,550 sq km","579,330 sq km","24,220 sq km","5,581 km","2,782 km","2,061 m",0 m,16.8%,12%,71.2%,56.1%,1.5%,13.6%,"4,350 sq km"
UNITED ARAB EMIRATES,"24 00 N, 54 00 E","83,600 sq km","83,600 sq km",0 sq km,"1,066 km","1,318 km","1,905 m",0 m,3.8%,91.6%,4.6%,0.5%,0.5%,3.6%,898 sq km
UNITED KINGDOM,"54 00 N, 2 00 W","243,610 sq km","241,930 sq km","1,680 sq km",499 km,"12,429 km","1,345 m",-4 m,11.9%,17.1%,71%,25.1%,0.2%,45.7%,718 sq km
UNITED STATES,"38 00 N, 97 00 W","9,833,517 sq km","9,147,593 sq km","685,924 sq km","12,002 km","19,924 km","6,190 m",-86 m,33.3%,22.2%,44.5%,16.8%,0.3%,27.4%,"234,782 sq km"
UNITED STATES PACIFIC ISLAND WILDLIFE REFUGES,"Baker Island: 0 13 N, 176 28 W;",,,,0 km,4.8 km,,0 m,,100%,,,,,
URUGUAY,"33 00 S, 56 00 W","176,215 sq km","175,015 sq km","1,200 sq km","1,591 km",660 km,514 m,0 m,10.2%,2.6%,87.2%,10.1%,0.2%,76.9%,"2,380 sq km"
UZBEKISTAN,"41 00 N, 64 00 E","447,400 sq km","425,400 sq km","22,000 sq km","6,893 km",0 km,"4,643 m",-12 m,7.7%,29.7%,62.6%,10.1%,0.8%,51.7%,"37,320 sq km"
VANUATU,"16 00 S, 167 00 E","12,189 sq km","12,189 sq km",0 sq km,0 km,"2,528 km","1,877 m",0 m,36.1%,48.6%,15.3%,1.6%,10.3%,3.4%,0 sq km
VENEZUELA,"8 00 N, 66 00 W","912,050 sq km","882,050 sq km","30,000 sq km","5,267 km","2,800 km","4,978 m",0 m,52.1%,23.4%,24.5%,3.1%,0.8%,20.6%,"10,550 sq km"
VIETNAM,"16 10 N, 107 50 E","331,210 sq km","310,070 sq km","21,140 sq km","4,616 km","3,444 km","3,144 m",0 m,45%,20.2%,34.8%,20.6%,12.1%,2.1%,"46,000 sq km"
VIRGIN ISLANDS,"18 20 N, 64 50 W","1,910 sq km",346 sq km,"1,564 sq km",0 km,188 km,474 m,0 m,57.4%,31.1%,11.5%,2.9%,2.9%,5.7%,1 sq km
WAKE ISLAND,"19 17 N, 166 39 E",7 sq km,6.5 sq km,0 sq km,0 km,19.3 km,8 m,0 m,,100%,0%,,,,0 sq km
WALLIS AND FUTUNA,"13 18 S, 176 12 W",142 sq km,142 sq km,0 sq km,0 km,129 km,522 m,0 m,41.9%,15.3%,42.8%,7.1%,35.7%,0%,0.6 sq km
WEST BANK,"32 00 N, 35 15 E","5,860 sq km","5,640 sq km",220 sq km,478 km,0 km,"1,020 m",-431 m,1.5%,55.2%,43.3%,7.4%,11%,24.9%,
WORLD,,510.072 million sq km,148.94 million sq km,"361,899,999 sq km",,"356,000 km","8,849 m","-3,500 m",,,,,,,"3,242,917 sq km"
YEMEN,"15 00 N, 48 00 E","527,968 sq km","527,968 sq km",0 sq km,"1,601 km","1,906 km","3,666 m",0 m,1%,54.5%,44.5%,2.2%,0.6%,41.7%,"6,800 sq km"
ZAMBIA,"15 00 S, 30 00 E","752,618 sq km","743,398 sq km","9,220 sq km","6,043.15 km",0 km,"2,330 m",329 m,66.3%,2%,31.7%,4.8%,0%,26.9%,"1,560 sq km"
ZIMBABWE,"20 00 S, 30 00 E","390,757 sq km","386,847 sq km","3,910 sq km","3,229 km",0 km,"2,592 m",162 m,39.5%,18%,42.5%,10.9%,0.3%,31.3%,"1,740 sq km"
